breakbeat,1
breakbeat,2
breakbeat,3
breakbeat,4
breakbeat,5
breakbeat,6
breakbeat,7
breakbeat,8
breakbeat,9
breakbeat,10
breakbeat,11
breakbeat,12
breakbeat,13
breakbeat,14
breakbeat,15
breakbeat,16
breakbeat,17
breakbeat,18
breakbeat,19
breakbeat,20
breakbeat,21
breakbeat,22
breakbeat,23
breakbeat,24
breakbeat,25
breakbeat,26
breakbeat,27
breakbeat,28
breakbeat,29
breakbeat,30
breakbeat,31
breakbeat,32
breakbeat,33
breakbeat,34
breakbeat,35
breakbeat,36
breakbeat,37
breakbeat,38
breakbeat,39
breakbeat,40
breakbeat,41
breakbeat,42
breakbeat,43
breakbeat,44
breakbeat,45
breakbeat,46
breakbeat,47
breakbeat,48
breakbeat,49
breakbeat,50
breakbeat,51
breakbeat,52
breakbeat,53
breakbeat,54
breakbeat,55
breakbeat,56
breakbeat,57
breakbeat,58
breakbeat,59
breakbeat,60
breakbeat,61
breakbeat,62
breakbeat,63
breakbeat,64
breakbeat,65
breakbeat,66
breakbeat,67
breakbeat,68
breakbeat,69
breakbeat,70
breakbeat,71
breakbeat,72
breakbeat,73
breakbeat,74
breakbeat,75
breakbeat,76
breakbeat,77
breakbeat,78
breakbeat,79
breakbeat,80
breakbeat,81
breakbeat,82
breakbeat,83
downbeat,1
downbeat,2
downbeat,3
downbeat,4
downbeat,5
downbeat,6
downbeat,7
downbeat,8
downbeat,9
downbeat,10
downbeat,11
downbeat,12
downbeat,13
downbeat,14
downbeat,15
downbeat,16
downbeat,17
downbeat,18
downbeat,19
downbeat,20
downbeat,21
downbeat,22
downbeat,23
downbeat,24
downbeat,25
downbeat,26
downbeat,27
downbeat,28
downbeat,29
downbeat,30
downbeat,31
downbeat,32
downbeat,33
downbeat,34
downbeat,35
downbeat,36
downbeat,37
downbeat,38
downbeat,39
downbeat,40
downbeat,41
downbeat,42
downbeat,43
downbeat,44
downbeat,45
downbeat,46
downbeat,47
downbeat,48
downbeat,49
downbeat,50
downbeat,51
downbeat,52
downbeat,53
downbeat,54
downbeat,55
downbeat,56
downbeat,57
downbeat,58
downbeat,59
downbeat,60
downbeat,61
downbeat,62
downbeat,63
downbeat,64
downbeat,65
downbeat,66
downbeat,67
downbeat,68
downbeat,69
downbeat,70
downbeat,71
downbeat,72
downbeat,73
downbeat,74
downbeat,75
downbeat,76
downbeat,77
downbeat,78
downbeat,79
downbeat,80
downbeat,81
downbeat,82
downbeat,83
downbeat,84
downbeat,85
downbeat,86
downbeat,87
downbeat,88
downbeat,89
downbeat,90
downbeat,91
downbeat,92
downbeat,93
downbeat,94
downbeat,95
eurodance,1
eurodance,2
eurodance,3
eurodance,4
eurodance,5
eurodance,6
eurodance,7
eurodance,8
eurodance,9
eurodance,10
eurodance,11
eurodance,12
eurodance,13
eurodance,14
eurodance,15
eurodance,16
eurodance,17
eurodance,18
eurodance,19
eurodance,20
eurodance,21
eurodance,22
eurodance,23
eurodance,24
eurodance,25
eurodance,26
eurodance,27
eurodance,28
eurodance,29
eurodance,30
eurodance,31
eurodance,32
eurodance,33
eurodance,34
eurodance,35
eurodance,36
eurodance,37
eurodance,38
eurodance,39
eurodance,40
eurodance,41
eurodance,42
eurodance,43
eurodance,44
eurodance,45
eurodance,46
eurodance,47
eurodance,48
eurodance,49
eurodance,50
eurodance,51
eurodance,52
eurodance,53
eurodance,54
eurodance,55
eurodance,56
eurodance,57
eurodance,58
eurodance,59
eurodance,60
eurodance,61
eurodance,62
eurodance,63
eurodance,64
eurodance,65
eurodance,66
eurodance,67
eurodance,68
eurodance,69
eurodance,70
eurodance,71
eurodance,72
eurodance,73
eurodance,74
eurodance,75
eurodance,76
eurodance,77
eurodance,78
eurodance,79
eurodance,80
eurodance,81
eurodance,82
eurodance,83
eurodance,84
eurodance,85
eurodance,86
eurodance,87
eurodance,88
eurodance,89
eurodance,90
eurodance,91
eurodance,92
eurodance,93
eurodance,94
eurodance,95
eurodance,96
eurodance,97
eurodance,98
eurodance,99
eurodance,100
eurodance,101
eurodance,102
eurodance,103
eurodance,104
eurodance,105
eurodance,106
eurodance,107
eurodance,108
eurodance,109
eurodance,110
eurodance,111
eurodance,112
eurodance,113
eurodance,114
eurodance,115
eurodance,116
eurodance,117
eurodance,118
eurodance,119
eurodance,120
eurodance,121
eurodance,122
eurodance,123
eurodance,124
eurodance,125
eurodance,126
eurodance,127
eurodance,128
eurodance,129
eurodance,130
eurodance,131
eurodance,132
eurodance,133
eurodance,134
eurodance,135
eurodance,136
eurodance,137
eurodance,138
eurodance,139
eurodance,140
eurodance,141
eurodance,142
eurodance,143
eurodance,144
eurodance,145
eurodance,146
eurodance,147
eurodance,148
eurodance,149
eurodance,150
eurodance,151
eurodance,152
eurodance,153
eurodance,154
eurodance,155
eurodance,156
eurodance,157
eurodance,158
eurodance,159
eurodance,160
eurodance,161
eurodance,162
eurodance,163
eurodance,164
eurodance,165
eurodance,166
eurodance,167
eurodance,168
eurodance,169
eurodance,170
eurodance,171
eurodance,172
eurodance,173
eurodance,174
eurodance,175
eurodance,176
eurodance,177
eurodance,178
eurodance,179
eurodance,180
eurodance,181
eurodance,182
eurodance,183
eurodance,184
eurodance,185
eurodance,186
eurodance,187
eurodance,188
eurodance,189
eurodance,190
eurodance,191
eurodance,192
eurodance,193
eurodance,194
eurodance,195
eurodance,196
eurodance,197
eurodance,198
eurodance,199
eurodance,200
eurodance,201
eurodance,202
eurodance,203
eurodance,204
eurodance,205
eurodance,206
eurodance,207
eurodance,208
eurodance,209
eurodance,210
eurodance,211
eurodance,212
eurodance,213
eurodance,214
eurodance,215
eurodance,216
eurodance,217
eurodance,218
eurodance,219
eurodance,220
eurodance,221
eurodance,222
eurodance,223
eurodance,224
eurodance,225
eurodance,226
eurodance,227
eurodance,228
eurodance,229
eurodance,230
eurodance,231
happy hardcore,1
happy hardcore,2
happy hardcore,3
happy hardcore,4
happy hardcore,5
happy hardcore,6
happy hardcore,7
happy hardcore,8
happy hardcore,9
happy hardcore,10
happy hardcore,11
happy hardcore,12
happy hardcore,13
happy hardcore,14
happy hardcore,15
happy hardcore,16
happy hardcore,17
happy hardcore,18
happy hardcore,19
happy hardcore,20
happy hardcore,21
happy hardcore,22
happy hardcore,23
happy hardcore,24
happy hardcore,25
happy hardcore,26
happy hardcore,27
happy hardcore,28
happy hardcore,29
happy hardcore,30
happy hardcore,31
happy hardcore,32
happy hardcore,33
happy hardcore,34
happy hardcore,35
happy hardcore,36
happy hardcore,37
happy hardcore,38
happy hardcore,39
happy hardcore,40
happy hardcore,41
happy hardcore,42
happy hardcore,43
happy hardcore,44
happy hardcore,45
happy hardcore,46
happy hardcore,47
happy hardcore,48
happy hardcore,49
happy hardcore,50
happy hardcore,51
happy hardcore,52
happy hardcore,53
happy hardcore,54
happy hardcore,55
happy hardcore,56
happy hardcore,57
happy hardcore,58
happy hardcore,59
happy hardcore,60
happy hardcore,61
happy hardcore,62
happy hardcore,63
happy hardcore,64
happy hardcore,65
happy hardcore,66
happy hardcore,67
happy hardcore,68
happy hardcore,69
happy hardcore,70
happy hardcore,71
happy hardcore,72
happy hardcore,73
happy hardcore,74
happy hardcore,75
happy hardcore,76
happy hardcore,77
happy hardcore,78
happy hardcore,79
happy hardcore,80
happy hardcore,81
happy hardcore,82
happy hardcore,83
happy hardcore,84
happy hardcore,85
happy hardcore,86
happy hardcore,87
happy hardcore,88
happy hardcore,89
happy hardcore,90
happy hardcore,91
happy hardcore,92
happy hardcore,93
happy hardcore,94
happy hardcore,95
happy hardcore,96
happy hardcore,97
happy hardcore,98
happy hardcore,99
happy hardcore,100
happy hardcore,101
happy hardcore,102
happy hardcore,103
happy hardcore,104
happy hardcore,105
happy hardcore,106
happy hardcore,107
happy hardcore,108
happy hardcore,109
happy hardcore,110
happy hardcore,111
happy hardcore,112
happy hardcore,113
happy hardcore,114
happy hardcore,115
happy hardcore,116
happy hardcore,117
happy hardcore,118
happy hardcore,119
happy hardcore,120
happy hardcore,121
happy hardcore,122
happy hardcore,123
happy hardcore,124
happy hardcore,125
happy hardcore,126
happy hardcore,127
happy hardcore,128
happy hardcore,129
happy hardcore,130
happy hardcore,131
happy hardcore,132
happy hardcore,133
happy hardcore,134
happy hardcore,135
happy hardcore,136
happy hardcore,137
happy hardcore,138
happy hardcore,139
happy hardcore,140
happy hardcore,141
happy hardcore,142
happy hardcore,143
happy hardcore,144
hardcore,1
hardcore,2
hardcore,3
hardcore,4
hardcore,5
hardcore,6
hardcore,7
hardcore,8
hardcore,9
hardcore,10
hardcore,11
hardcore,12
hardcore,13
hardcore,14
hardcore,15
hardcore,16
hardcore,17
hardcore,18
hardcore,19
hardcore,20
hardcore,21
hardcore,22
hardcore,23
hardcore,24
hardcore,25
hardcore,26
hardcore,27
hardcore,28
hardcore,29
hardcore,30
hardcore,31
hardcore,32
hardcore,33
hardcore,34
hardcore,35
hardcore,36
hardcore,37
hardcore,38
hardcore,39
hardcore,40
hardcore,41
hardcore,42
hardcore,43
hardcore,44
hardcore,45
hardcore,46
hardcore,47
hardcore,48
hardcore,49
hardcore,50
hardcore,51
hardcore,52
hardcore,53
hardcore,54
hardcore,55
hardcore,56
hardcore,57
hardcore,58
hardcore,59
hardcore,60
hardcore,61
hardcore,62
hardcore,63
hardcore,64
hardcore,65
hardcore,66
hardcore,67
hardcore,68
hardcore,69
hardcore,70
hardcore,71
hardcore,72
hardcore,73
hardcore,74
hardcore,75
hardcore,76
hardcore,77
hardcore,78
hardcore,79
hardcore,80
hardcore,81
hardcore,82
hardcore,83
hardcore,84
hardcore,85
hardcore,86
hardcore,87
hardcore,88
hardcore,89
hardcore,90
hardcore,91
hardcore,92
hardcore,93
hardcore,94
hardcore,95
hardcore,96
hardcore,97
hardcore,98
hardcore,99
hardcore,100
hardcore,101
hardcore,102
hardcore,103
hardcore,104
hardcore,105
hardcore,106
hardcore,107
hardcore,108
hardcore,109
hardcore,110
hardtrance,1
hardtrance,2
hardtrance,3
hardtrance,4
hardtrance,5
hardtrance,6
hardtrance,7
hardtrance,8
hardtrance,9
hardtrance,10
hardtrance,11
hardtrance,12
hardtrance,13
hardtrance,14
hardtrance,15
hardtrance,16
hardtrance,17
hardtrance,18
hardtrance,19
hardtrance,20
hardtrance,21
hardtrance,22
hardtrance,23
hardtrance,24
hardtrance,25
hardtrance,26
hardtrance,27
hardtrance,28
hardtrance,29
hardtrance,30
hardtrance,31
hardtrance,32
hardtrance,33
hardtrance,34
hardtrance,35
hardtrance,36
hardtrance,37
hardtrance,38
hardtrance,39
hardtrance,40
hardtrance,41
hardtrance,42
hardtrance,43
hardtrance,44
hardtrance,45
hardtrance,46
hardtrance,47
hardtrance,48
hardtrance,49
hardtrance,50
hardtrance,51
hardtrance,52
hardtrance,53
hardtrance,54
hardtrance,55
hardtrance,56
hardtrance,57
hardtrance,58
hardtrance,59
hardtrance,60
hardtrance,61
hardtrance,62
hardtrance,63
hardtrance,64
hardtrance,65
hardtrance,66
hardtrance,67
hardtrance,68
hardtrance,69
hardtrance,70
hardtrance,71
hardtrance,72
hardtrance,73
hardtrance,74
hardtrance,75
hardtrance,76
hardtrance,77
hardtrance,78
hardtrance,79
hardtrance,80
hardtrance,81
hardtrance,82
hardtrance,83
hardtrance,84
hardtrance,85
hardtrance,86
hardtrance,87
hardtrance,88
hardtrance,89
hardtrance,90
hardtrance,91
hardtrance,92
hardtrance,93
hardtrance,94
hardtrance,95
hardtrance,96
hardtrance,97
hardtrance,98
hardtrance,99
hardtrance,100
hardtrance,101
hardtrance,102
hardtrance,103
hardtrance,104
hardtrance,105
hardtrance,106
hardtrance,107
hardtrance,108
hardtrance,109
hardtrance,110
hardtrance,111
hardtrance,112
hardtrance,113
hardtrance,114
hardtrance,115
hardtrance,116
hardtrance,117
hardtrance,118
hardtrance,119
hardtrance,120
hardtrance,121
hardtrance,122
hardtrance,123
hardtrance,124
hardtrance,125
hardtrance,126
hardtrance,127
hardtrance,128
hardtrance,129
hardtrance,130
hardtrance,131
hardtrance,132
hardtrance,133
hardtrance,134
hardtrance,135
hardtrance,136
hardtrance,137
hardtrance,138
hardtrance,139
hardtrance,140
hardtrance,141
hardtrance,142
hardtrance,143
hardtrance,144
hardtrance,145
hardtrance,146
hardtrance,147
hardtrance,148
hardtrance,149
hardtrance,150
hardtrance,151
hardtrance,152
hardtrance,153
hardtrance,154
hardtrance,155
hardtrance,156
hardtrance,157
hardtrance,158
hardtrance,159
hardtrance,160
hardtrance,161
hardtrance,162
hardtrance,163
hardtrance,164
hardtrance,165
hardtrance,166
hardtrance,167
hardtrance,168
house,1
house,2
house,3
house,4
house,5
house,6
house,7
house,8
house,9
house,10
house,11
house,12
house,13
house,14
house,15
house,16
house,17
house,18
house,19
house,20
house,21
house,22
house,23
house,24
house,25
house,26
house,27
house,28
house,29
house,30
house,31
house,32
house,33
house,34
house,35
house,36
house,37
house,38
house,39
house,40
house,41
house,42
house,43
house,44
house,45
house,46
house,47
house,48
house,49
house,50
house,51
house,52
house,53
house,54
house,55
house,56
house,57
house,58
house,59
house,60
house,61
house,62
house,63
house,64
house,65
house,66
house,67
house,68
house,69
house,70
house,71
house,72
house,73
house,74
house,75
house,76
house,77
house,78
house,79
house,80
house,81
house,82
house,83
house,84
house,85
house,86
house,87
house,88
house,89
house,90
house,91
house,92
house,93
house,94
house,95
house,96
house,97
house,98
house,99
house,100
house,101
house,102
house,103
house,104
house,105
house,106
house,107
house,108
house,109
house,110
house,111
house,112
house,113
house,114
house,115
house,116
house,117
house,118
house,119
house,120
house,121
house,122
house,123
house,124
house,125
house,126
house,127
house,128
house,129
house,130
house,131
house,132
house,133
house,134
house,135
house,136
house,137
house,138
house,139
house,140
house,141
house,142
house,143
house,144
house,145
house,146
house,147
house,148
house,149
house,150
house,151
house,152
house,153
house,154
house,155
house,156
house,157
house,158
house,159
house,160
house,161
house,162
house,163
house,164
house,165
house,166
house,167
house,168
house,169
house,170
house,171
house,172
house,173
house,174
house,175
house,176
house,177
house,178
house,179
house,180
house,181
house,182
house,183
house,184
house,185
house,186
house,187
house,188
house,189
house,190
house,191
house,192
house,193
house,194
house,195
house,196
house,197
house,198
house,199
house,200
house,201
house,202
house,203
house,204
house,205
house,206
house,207
house,208
house,209
house,210
house,211
house,212
house,213
house,214
house,215
house,216
house,217
house,218
house,219
house,220
house,221
house,222
house,223
house,224
house,225
house,226
house,227
house,228
house,229
house,230
house,231
house,232
house,233
house,234
house,235
house,236
house,237
house,238
house,239
house,240
house,241
house,242
house,243
house,244
house,245
house,246
house,247
house,248
house,249
house,250
house,251
house,252
house,253
house,254
house,255
house,256
house,257
house,258
house,259
house,260
house,261
house,262
house,263
house,264
house,265
house,266
house,267
house,268
house,269
house,270
house,271
house,272
house,273
house,274
house,275
house,276
house,277
house,278
house,279
house,280
house,281
house,282
house,283
house,284
house,285
house,286
house,287
house,288
house,289
house,290
house,291
house,292
house,293
house,294
house,295
house,296
house,297
house,298
house,299
house,300
house,301
house,302
house,303
house,304
house,305
house,306
house,307
house,308
house,309
tekkno,1
tekkno,2
tekkno,3
tekkno,4
tekkno,5
tekkno,6
tekkno,7
tekkno,8
tekkno,9
tekkno,10
tekkno,11
tekkno,12
tekkno,13
tekkno,14
tekkno,15
tekkno,16
tekkno,17
tekkno,18
tekkno,19
tekkno,20
tekkno,21
tekkno,22
tekkno,23
tekkno,24
tekkno,25
tekkno,26
tekkno,27
tekkno,28
tekkno,29
tekkno,30
tekkno,31
tekkno,32
tekkno,33
tekkno,34
tekkno,35
tekkno,36
tekkno,37
tekkno,38
tekkno,39
tekkno,40
tekkno,41
tekkno,42
tekkno,43
tekkno,44
tekkno,45
tekkno,46
tekkno,47
tekkno,48
tekkno,49
tekkno,50
tekkno,51
tekkno,52
tekkno,53
tekkno,54
tekkno,55
tekkno,56
tekkno,57
tekkno,58
tekkno,59
tekkno,60
tekkno,61
tekkno,62
tekkno,63
tekkno,64
tekkno,65
tekkno,66
tekkno,67
tekkno,68
tekkno,69
tekkno,70
tekkno,71
tekkno,72
tekkno,73
tekkno,74
tekkno,75
tekkno,76
tekkno,77
tekkno,78
tekkno,79
tekkno,80
tekkno,81
tekkno,82
tekkno,83
tekkno,84
tekkno,85
tekkno,86
tekkno,87
tekkno,88
tekkno,89
tekkno,90
tekkno,91
tekkno,92
tekkno,93
tekkno,94
tekkno,95
tekkno,96
tekkno,97
tekkno,98
tekkno,99
tekkno,100
tekkno,101
tekkno,102
tekkno,103
tekkno,104
tekkno,105
tekkno,106
tekkno,107
tekkno,108
tekkno,109
tekkno,110
tekkno,111
tekkno,112
tekkno,113
tekkno,114
tekkno,115
tekkno,116
tekkno,117
tekkno,118
tekkno,119
tekkno,120
tekkno,121
tekkno,122
tekkno,123
tekkno,124
tekkno,125
tekkno,126
tekkno,127
tekkno,128
tekkno,129
tekkno,130
tekkno,131
tekkno,132
tekkno,133
tekkno,134
tekkno,135
tekkno,136
tekkno,137
tekkno,138
tekkno,139
tekkno,140
tekkno,141
tekkno,142
tekkno,143
tekkno,144
tekkno,145
tekkno,146
tekkno,147
tekkno,148
tekkno,149
tekkno,150
tekkno,151
tekkno,152
tekkno,153
tekkno,154
tekkno,155
tekkno,156
tekkno,157
tekkno,158
tekkno,159
tekkno,160
tekkno,161
tekkno,162
tekkno,163
tekkno,164
tekkno,165
tekkno,166
tekkno,167
tekkno,168
tekkno,169
tekkno,170
tekkno,171
tekkno,172
tekkno,173
tekkno,174
tekkno,175
tekkno,176
tekkno,177
tekkno,178
tekkno,179
tekkno,180
tekkno,181
tekkno,182
tekkno,183
tekkno,184
tekkno,185
tekkno,186
tekkno,187
tekkno,188
tekkno,189
tekkno,190
tekkno,191
tekkno,192
tekkno,193
tekkno,194
tekkno,195
tekkno,196
tekkno,197
tekkno,198
tekkno,199
tekkno,200
tekkno,201
tekkno,202
tekkno,203
tekkno,204
tekkno,205
tekkno,206
tekkno,207
tekkno,208
tekkno,209
trance,1
trance,2
trance,3
trance,4
trance,5
trance,6
trance,7
trance,8
trance,9
trance,10
trance,11
trance,12
trance,13
trance,14
trance,15
trance,16
trance,17
trance,18
trance,19
trance,20
trance,21
trance,22
trance,23
trance,24
trance,25
trance,26
trance,27
trance,28
trance,29
trance,30
trance,31
trance,32
trance,33
trance,34
trance,35
trance,36
trance,37
trance,38
trance,39
trance,40
trance,41
trance,42
trance,43
trance,44
trance,45
trance,46
trance,47
trance,48
trance,49
trance,50
trance,51
trance,52
trance,53
trance,54
trance,55
trance,56
trance,57
trance,58
trance,59
trance,60
trance,61
trance,62
trance,63
trance,64
trance,65
trance,66
trance,67
trance,68
trance,69
trance,70
trance,71
trance,72
trance,73
trance,74
trance,75
trance,76
trance,77
trance,78
trance,79
trance,80
trance,81
trance,82
trance,83
trance,84
trance,85
trance,86
trance,87
trance,88
trance,89
trance,90
trance,91
trance,92
trance,93
trance,94
trance,95
trance,96
trance,97
trance,98
trance,99
trance,100
trance,101
trance,102
trance,103
trance,104
trance,105
trance,106
trance,107
trance,108
trance,109
trance,110
trance,111
trance,112
trance,113
trance,114
trance,115
trance,116
trance,117
trance,118
trance,119
trance,120
trance,121
trance,122
trance,123
trance,124
trance,125
trance,126
trance,127
trance,128
trance,129
trance,130
trance,131
trance,132
trance,133
trance,134
trance,135
trance,136
trance,137
trance,138
trance,139
trance,140
trance,141
trance,142
trance,143
trance,144
trance,145
trance,146
trance,147
trance,148
trance,149
trance,150
trance,151
trance,152
trance,153
trance,154
trance,155
trance,156
trance,157
trance,158
trance,159
trance,160
trance,161
trance,162
trance,163
trance,164
trance,165
trance,166
trance,167
trance,168
trance,169
trance,170
trance,171
trance,172
trance,173
trance,174
trance,175
trance,176
trance,177
trance,178
trance,179
trance,180
trance,181
trance,182
trance,183
trance,184
trance,185
trance,186
trance,187
trance,188
trance,189
trance,190
trance,191
trance,192
trance,193
trance,194
trance,195
trance,196
trance,197
trance,198
trance,199
trance,200
trance,201
trance,202
trance,203
trance,204
trance,205
trance,206
trance,207
trance,208
